{"cameraMode":{"drawMode":0,"name":"Shaded","section":"Shading Mode"},"sceneLighting":false,"audioPlay":false,"sceneViewState":{"m_AlwaysRefresh":false,"showFog":true,"showSkybox":false,"showFlares":true,"showImageEffects":true,"showParticleSystems":true,"showVisualEffectGraphs":true,"m_FxEnabled":true},"in2DMode":false,"pivot":{"x":-0.9457011222839356,"y":0.2782817780971527,"z":0.1678999960422516},"rotation":{"x":0.17468294501304627,"y":0.711662232875824,"z":-0.19265080988407136,"w":0.6540039777755737},"size":0.17320244014263154,"orthographic":false}