{"cameraMode":{"drawMode":0,"name":"Shaded","section":"Shading Mode"},"sceneLighting":false,"audioPlay":false,"sceneViewState":{"m_AlwaysRefresh":false,"showFog":true,"showSkybox":false,"showFlares":true,"showImageEffects":true,"showParticleSystems":true,"showVisualEffectGraphs":true,"m_FxEnabled":true},"in2DMode":false,"pivot":{"x":-0.5387750267982483,"y":0.17076553404331208,"z":-0.0849851742386818},"rotation":{"x":-0.12796612083911897,"y":-0.7534276843070984,"z":0.16156631708145142,"w":-0.6259945631027222},"size":0.17320507764816285,"orthographic":false}