{"cameraMode":{"drawMode":0,"name":"Shaded","section":"Shading Mode"},"sceneLighting":true,"audioPlay":false,"sceneViewState":{"m_AlwaysRefresh":false,"showFog":true,"showSkybox":true,"showFlares":true,"showImageEffects":true,"showParticleSystems":true,"showVisualEffectGraphs":true,"m_FxEnabled":true},"in2DMode":false,"pivot":{"x":-0.42185401916503909,"y":-7.852230072021484,"z":-2.6657657623291017},"rotation":{"x":-0.28854772448539736,"y":-0.34649306535720827,"z":0.11376837641000748,"w":-0.8854904770851135},"size":19.491159439086915,"orthographic":false}