{"cameraMode":{"drawMode":0,"name":"Shaded","section":"Shading Mode"},"sceneLighting":true,"audioPlay":false,"sceneViewState":{"m_AlwaysRefresh":false,"showFog":true,"showSkybox":true,"showFlares":true,"showImageEffects":true,"showParticleSystems":true,"showVisualEffectGraphs":true,"m_FxEnabled":true},"in2DMode":false,"pivot":{"x":-0.9420722723007202,"y":0.9961981177330017,"z":-3.3758392333984377},"rotation":{"x":-0.25132566690444949,"y":-0.39415886998176577,"z":0.11716972291469574,"w":-0.8767498135566711},"size":8.636200904846192,"orthographic":false}