{"cameraMode":{"drawMode":0,"name":"Shaded","section":"Shading Mode"},"sceneLighting":true,"audioPlay":false,"sceneViewState":{"m_AlwaysRefresh":false,"showFog":true,"showSkybox":true,"showFlares":true,"showImageEffects":true,"showParticleSystems":true,"showVisualEffectGraphs":true,"m_FxEnabled":true},"in2DMode":false,"pivot":{"x":4.581209182739258,"y":2.596620559692383,"z":-0.08458495140075684},"rotation":{"x":0.27443209290504458,"y":-0.6665473580360413,"z":0.29078155755996706,"w":0.6292617917060852},"size":18.995222091674806,"orthographic":false}