{"cameraMode":{"drawMode":0,"name":"Shaded","section":"Shading Mode"},"sceneLighting":false,"audioPlay":false,"sceneViewState":{"m_AlwaysRefresh":false,"showFog":false,"showSkybox":false,"showFlares":false,"showImageEffects":false,"showParticleSystems":false,"showVisualEffectGraphs":true,"m_FxEnabled":true},"in2DMode":false,"pivot":{"x":-0.33020684123039248,"y":0.8470308184623718,"z":-0.09786081314086914},"rotation":{"x":0.007828387431800366,"y":-0.9965230822563171,"z":0.06294649094343186,"w":0.06474733352661133},"size":1.307286024093628,"orthographic":false}