{"cameraMode":{"drawMode":0,"name":"Shaded","section":"Shading Mode"},"sceneLighting":true,"audioPlay":false,"sceneViewState":{"m_AlwaysRefresh":false,"showFog":true,"showSkybox":true,"showFlares":true,"showImageEffects":true,"showParticleSystems":true,"showVisualEffectGraphs":true,"m_FxEnabled":true},"in2DMode":false,"pivot":{"x":1.1825835704803467,"y":7.923602104187012,"z":-9.623805046081543},"rotation":{"x":0.12295205146074295,"y":0.2115180343389511,"z":-0.027508243918418886,"w":0.969357967376709},"size":0.8660253882408142,"orthographic":false}