{"cameraMode":{"drawMode":0,"name":"Shaded","section":"Shading Mode"},"sceneLighting":false,"audioPlay":false,"sceneViewState":{"m_AlwaysRefresh":false,"showFog":true,"showSkybox":false,"showFlares":true,"showImageEffects":true,"showParticleSystems":true,"showVisualEffectGraphs":true,"m_FxEnabled":true},"in2DMode":false,"pivot":{"x":0.10134156793355942,"y":0.10009431838989258,"z":-0.5443146228790283},"rotation":{"x":-0.1987210512161255,"y":0.005893188528716564,"z":0.003874196670949459,"w":-0.9810507297515869},"size":0.17320507764816285,"orthographic":false}